ax, ay, bx, by, cx, cy, Цвет заливки, Цвет границы
35, 74, 41, 72, 26, 75, Dark turquoise, Dim gray
96, -19, 88, -25, 96, -27, Wheat, Light yellow
-85, -26, -98, -24, -100, -17, Hot pink, Fuchsia
-89, -80, -90, -72, -81, -70, Khaki, Chocolate
76, -65, 79, -62, 62, -56, Medium sea green, Beige
-77, 33, -86, 43, -86, 40, Green yellow, Midnight blue
62, 49, 51, 56, 64, 59, Teal, Sea green
26, 20, 16, 15, 19, 18, Dark red, Honeydew
-77, 27, -79, 33, -78, 27, Yellow, Light blue
69, 62, 56, 64, 67, 61, Light steel blue, Violet
-74, 29, -81, 32, -75, 30, Light steel blue, Teal
-57, -70, -70, -63, -61, -68, Sea green, Old lace
11, 62, 14, 63, 0, 68, Royal blue, Spring green
71, -6, 77, 3, 70, -2, Gold, Dark orchid
-40, -78, -46, -81, -38, -84, Chocolate, Lime
61, -86, 66, -86, 64, -98, Blue, Black
87, -86, 86, -87, 84, -89, Medium aqua marine, Lime
61, 72, 61, 74, 47, 72, White, Coral
20, 78, 17, 65, 14, 73, Light salmon, Old lace
13, 45, 6, 43, -1, 36, Slate gray, Blue violet
-88, 55, -98, 52, -85, 43, Medium turquoise, Olive drab
-5, 17, -4, 9, -2, 6, Dark cyan, Aqua
-71, 41, -60, 29, -67, 27, Olive, Dark slate gray
-32, -42, -25, -58, -28, -42, Powder blue, Antique white
52, -63, 54, -58, 52, -54, Gold, Burly wood
-75, -54, -92, -57, -79, -50, Peach puff, Lavender blush
-6, -2, -2, -9, 9, -3, Deep sky blue, Green
-42, 40, -46, 27, -36, 35, Golden rod, Crimson
3, -69, 0, -63, -2, -61, Olive, Golden rod
-75, 76, -74, 73, -69, 81, Navy, Peru
74, -11, 83, -17, 74, -12, Dark magenta, Light grey
10, 83, 17, 65, 20, 68, Orange red, Lime
-21, -88, -19, -87, -21, -91, Chart reuse, Lime
23, -55, 13, -48, 13, -50, White smoke, Silver
63, 36, 70, 36, 69, 22, Old lace, Peach puff
23, -8, 11, -11, 12, -12, Silver, Purple
68, 95, 67, 94, 76, 91, Plum, Lime
53, 10, 55, 8, 54, 8, Green, Firebrick
-12, 52, -9, 61, -13, 56, Aqua, Tan
-51, 50, -49, 50, -46, 44, Navajo white, Deep pink
-23, -64, -19, -52, -24, -63, Gainsboro, Thistle
-52, -20, -61, -20, -58, -30, Medium sea green, Light blue
40, 43, 37, 42, 29, 38, Dim gray, Orchid
-89, 59, -87, 53, -93, 50, Lavender, Pale green
-22, -7, -23, -3, -23, -15, Dark violet, Gray
-31, -21, -22, -34, -32, -33, Dark khaki, Gray
-28, 46, -28, 42, -33, 56, Dark magenta, Lavender
18, 96, 32, 94, 20, 90, Lavender, Dark blue
-49, -64, -56, -63, -47, -73, Turquoise, Silver
-66, -33, -62, -34, -60, -36, Magenta, Maroon
-54, -23, -53, -25, -61, -33, Dark orchid, White smoke
5, 30, -3, 39, 11, 41, Lemon chiffon, Tomato
-99, -9, -100, -3, -94, 1, Tomato, Teal
31, 91, 31, 81, 19, 80, Dark cyan, Dark gray
52, 86, 46, 84, 43, 75, Gainsboro, Light steel blue
-9, -67, -5, -53, -3, -58, Dark slate blue, Light steel blue
14, -22, 19, -13, 11, -24, Indigo, Navy
-71, 53, -72, 65, -77, 61, Spring green, Khaki
-98, 72, -86, 69, -84, 68, Peru, Sea shell
6, -1, 11, 0, 8, -1, Lime green, Green
-51, -96, -41, -93, -46, -100, Orange red, Navy
23, 59, 22, 62, 14, 54, Dark orchid, Indian red
-80, 15, -80, 14, -81, 23, Forest green, Silver
-72, 87, -76, 85, -72, 95, Medium sea green, Deep sky blue
-5, 32, 2, 41, 5, 34, Magenta, White smoke
-44, 5, -41, 16, -57, 17, Orange, Black
-70, -70, -80, -74, -76, -72, Medium spring green, Light coral
63, -75, 60, -75, 69, -90, Dark salmon, Light sea green
27, 80, 24, 76, 17, 72, Sea shell, Dark orchid
-14, -28, -13, -22, -19, -32, Peach puff, Sienna
-43, -61, -35, -56, -45, -61, Dark red, Light sea green
-89, 77, -97, 70, -88, 65, Yellow, Wheat
38, -56, 41, -60, 42, -63, Silver, Light blue
84, 93, 83, 92, 80, 96, Lawn green, Silver
-40, -21, -49, -28, -56, -24, Dark orange, Moccasin
-83, 97, -83, 98, -75, 100, White smoke, Medium aqua marine
-58, 69, -57, 73, -45, 70, Light grey, Aqua
-65, 90, -63, 86, -67, 100, Pale violet red, Sea shell
-40, 6, -36, 6, -28, 17, Tan, Cyan
-100, -98, -93, -91, -95, -91, Blanched almond, Blue
-67, 37, -67, 31, -73, 32, Red, Rosy brown
13, -19, 13, -27, 27, -30, Dark turquoise, Lavender
50, -32, 47, -24, 57, -36, Medium sea green, Light sky blue
-7, -16, -6, -20, 0, -18, Golden rod, Pale green
82, -80, 66, -80, 81, -86, Dark cyan, Dark khaki
45, 83, 38, 97, 42, 95, Navajo white, Coral
68, 5, 67, 21, 61, 6, Hot pink, Corn flower blue
8, 51, 1, 44, 9, 50, Spring green, Pale golden rod
-79, -14, -87, -11, -81, -11, Corn flower blue, Forest green
87, -92, 76, -88, 89, -84, Red, Sienna
0, -75, 7, -74, 6, -73, Dark grey, Deep sky blue
-30, -9, -37, -22, -42, -15, Medium spring green, Deep sky blue
-37, 3, -36, -8, -48, -7, Violet, Silver
-73, 33, -69, 27, -68, 29, Thistle, Light yellow
81, -24, 79, -36, 76, -37, Yellow, Light salmon
-16, -8, -32, -7, -28, -1, Light grey, Pink
-57, -15, -66, -19, -71, -25, Crimson, Tomato
19, 33, 36, 31, 25, 19, Dark orange, Medium spring green
-55, -82, -62, -84, -59, -96, Sea shell, Green yellow
-34, 72, -40, 65, -38, 60, Bisque, Dark olive green
-64, 45, -63, 44, -62, 41, Blue, Golden rod
94, -11, 94, -8, 98, -16, Spring green, Bisque
-1, -39, -1, -45, -2, -35, Indian red, Maroon
41, 7, 34, 25, 43, 19, Maroon, Black
-88, -8, -95, -2, -79, -5, Dark sea green, Dark cyan
8, -19, 11, -19, 20, -22, Light salmon, Dark sea green
-65, -42, -63, -42, -62, -30, Pale golden rod, Azure
-80, 60, -89, 63, -79, 66, Sienna, Maroon
49, -53, 51, -44, 46, -45, Fuchsia, Lavender blush
52, -83, 44, -77, 55, -87, Slate blue, Gray
-34, 84, -34, 91, -42, 93, Cadet blue, Sienna
-78, 27, -87, 36, -72, 37, Black, Peru
38, -54, 35, -47, 37, -44, Royal blue, Grey
-77, -43, -76, -29, -62, -35, Dark magenta, Midnight blue
66, 8, 77, 3, 72, 7, Coral, White
79, -34, 80, -30, 90, -36, Gainsboro, Fuchsia
27, -41, 35, -25, 34, -30, Sienna, Saddle brown
37, -74, 29, -68, 29, -80, Teal, Dodger blue
-86, -8, -69, -4, -78, -10, Cyan, Gold
44, -45, 40, -49, 57, -50, Lavender blush, Green yellow
-90, -19, -89, -23, -86, -13, Deep sky blue, Floral white
34, 75, 35, 79, 44, 78, Peru, Dark green
-12, 30, -22, 37, -20, 32, Indian red, Hot pink
-57, 85, -49, 76, -62, 73, Dark gray, Olive
78, -53, 83, -50, 81, -57, Firebrick, Orange red
3, 46, 12, 48, 8, 51, Pale violet red, Navajo white
74, 63, 87, 58, 76, 61, Thistle, Orange
65, 35, 65, 35, 58, 43, Olive drab, Yellow
-12, -13, -18, -13, -16, -13, Lawn green, Gray
-52, -28, -47, -22, -51, -34, Olive, Corn flower blue
53, 76, 48, 67, 57, 62, Golden rod, Teal
58, -72, 50, -79, 63, -82, Dark violet, Light slate gray
-66, 91, -72, 79, -77, 93, Rosy brown, Orange
1, 39, -6, 39, -2, 51, Khaki, Cadet blue
56, 71, 57, 74, 61, 80, Blue violet, Green
-61, -69, -51, -70, -48, -69, White, Rosy brown
-83, -35, -72, -33, -78, -30, Black, Black
81, 94, 85, 100, 85, 98, Olive drab, Royal blue
-23, -5, -23, 0, -36, 7, Maroon, Orchid
85, 54, 81, 54, 79, 47, Lawn green, Azure
-7, 6, 8, 3, 6, 3, Snow, Green
-33, 40, -32, 33, -28, 41, Red, Deep pink
46, 16, 60, 8, 43, 13, Red, Olive drab
-58, -32, -45, -23, -42, -22, Fuchsia, Coral
-96, -59, -98, -51, -92, -61, Royal blue, Cyan
79, 56, 94, 56, 88, 57, Beige, Dark cyan
81, 27, 81, 14, 89, 17, Dark khaki, Slate gray
71, 68, 76, 61, 67, 72, Dim grey, Coral
-32, -7, -45, -9, -35, -8, Medium purple, Dark sea green
-79, 87, -84, 85, -78, 85, Deep sky blue, Purple
100, -2, 90, 1, 91, 1, Tan, Fuchsia
49, 90, 45, 96, 45, 97, Sea shell, Magenta
-57, 94, -44, 85, -46, 100, Corn flower blue, Aqua
74, 66, 73, 59, 81, 65, Dark magenta, Chart reuse
-5, 1, 4, 3, 2, 15, Gray, Wheat
-75, 30, -76, 40, -71, 31, Mint cream, Sea shell
-50, 46, -52, 60, -43, 54, White, Coral
17, -80, 13, -76, 13, -75, Peach puff, Dark olive green
-95, 30, -89, 24, -98, 32, Light grey, Dark gray
-87, -78, -82, -63, -79, -66, Dark olive green, Dark slate gray
75, 65, 64, 54, 81, 58, Moccasin, Medium turquoise
-58, 58, -65, 57, -56, 57, Lawn green, Black
28, -45, 38, -46, 28, -37, Dark blue, Sea green
-62, 14, -58, 9, -57, 14, Blue, Antique white
-94, 14, -92, 17, -98, 21, Medium blue, Plum
-43, -23, -37, -13, -40, -28, Bisque, Medium purple
40, -5, 31, -4, 44, -7, Tomato, Corn silk
17, -49, 18, -51, 15, -37, Brown, Dark golden rod
-40, -82, -41, -90, -31, -94, Violet, Powder blue
40, -83, 33, -90, 45, -97, Black, Lime
-5, 60, -12, 70, -18, 62, White, Light green
7, -79, -4, -72, 5, -83, Dark magenta, Gold
45, 85, 42, 92, 47, 88, Tomato, Lavender
-2, 27, -1, 31, 11, 30, Maroon, Slate gray
-86, 47, -87, 45, -75, 33, Sea shell, Snow
-90, -65, -100, -59, -95, -74, Medium violet red, Light sky blue
-18, 31, -30, 30, -24, 34, Lime, Cadet blue
-66, -93, -65, -95, -72, -93, Deep sky blue, Yellow
48, -89, 48, -81, 45, -76, Corn flower blue, Sienna
-4, -93, -22, -96, -13, -97, Silver, Royal blue
-27, -63, -27, -61, -16, -72, Slate blue, Fuchsia
35, -48, 34, -44, 35, -37, Hot pink, White
-87, 53, -94, 43, -86, 55, Aqua, Burly wood
-92, 3, -81, -1, -89, 3, Royal blue, Light golden rod yellow
50, -48, 49, -49, 46, -54, Azure, Deep pink
39, -7, 32, -22, 31, -19, Yellow, Blue violet
73, -79, 77, -91, 80, -91, Slate gray, Blue
-63, -41, -69, -55, -71, -43, Tomato, Orange
95, 61, 90, 64, 85, 63, White smoke, Lavender blush
36, 57, 29, 47, 32, 61, Teal, Tan
-72, -42, -59, -45, -73, -42, Bisque, Snow
-14, -92, -14, -86, -12, -86, Cadet blue, Honeydew
-85, 38, -89, 51, -95, 38, Dark grey, Burly wood
-60, -14, -57, -16, -64, -9, Chocolate, Lime
28, -62, 22, -62, 21, -61, Yellow green, Pale green
70, -79, 72, -93, 74, -94, Lemon chiffon, Lawn green
9, -42, 9, -46, 3, -36, Lavender blush, Sky blue
72, -67, 75, -61, 74, -68, Light salmon, Light yellow
-8, 88, -5, 87, -8, 80, Medium aqua marine, Yellow green
21, -63, 29, -58, 31, -55, Dark khaki, Peru
41, -13, 47, -9, 38, -5, Deep sky blue, Olive
29, 31, 29, 37, 28, 31, Rosy brown, Maroon
38, -46, 37, -52, 46, -51, Golden rod, Lavender blush
-24, 92, -25, 87, -37, 97, Magenta, Linen
92, -31, 86, -45, 93, -46, Medium purple, Orchid
53, -53, 49, -48, 50, -49, Maroon, Royal blue
-46, 25, -32, 14, -38, 17, Linen, Slate gray
67, 88, 69, 85, 68, 91, Navajo white, Azure
-67, -84, -76, -80, -73, -81, Light coral, White
-89, 14, -77, 14, -89, 13, Coral, Purple
-76, 17, -71, 0, -68, 2, Sky blue, Green
74, -51, 70, -66, 79, -61, Sea green, Navajo white
-42, -57, -49, -58, -51, -51, Floral white, Corn flower blue
89, -25, 94, -20, 89, -22, Purple, Midnight blue
76, 43, 69, 37, 79, 43, Medium purple, Yellow green
51, 41, 40, 31, 47, 33, Dark magenta, Burly wood
63, 3, 58, 2, 49, -6, Saddle brown, Light yellow
49, 86, 50, 88, 47, 83, Pale golden rod, Thistle
-23, 70, -33, 65, -30, 68, Tomato, Medium slate blue
69, 85, 75, 74, 76, 77, Spring green, Light blue
24, 51, 35, 55, 31, 49, Silver, Teal
63, -3, 68, 3, 67, 4, Maroon, Grey
75, -42, 85, -39, 71, -44, Lime, Purple
5, -12, 0, 1, -4, -6, Yellow green, Midnight blue
-3, 2, -6, 4, -6, 4, Dark red, Sea shell
30, -34, 17, -28, 25, -41, Yellow, Orange
88, 28, 87, 31, 90, 22, Sky blue, Dark golden rod
79, 30, 86, 30, 76, 37, Midnight blue, Medium sea green
-86, -43, -79, -46, -84, -57, Indigo, Peru
33, -7, 30, -15, 32, -12, Tomato, Gray
95, -50, 99, -51, 97, -39, Tan, Hot pink
-80, 47, -74, 45, -73, 51, Gray, Midnight blue
37, -47, 45, -42, 47, -58, Red, Old lace
19, 2, 28, 11, 18, 0, Crimson, Silver
57, -81, 57, -83, 67, -87, Tan, Hot pink
63, -86, 67, -96, 62, -92, Purple, Medium spring green
-80, -68, -79, -81, -82, -65, Dodger blue, Turquoise
-100, 59, -91, 55, -95, 66, Brown, Midnight blue
9, 31, 7, 25, 9, 36, Hot pink, Antique white
-66, -59, -70, -60, -80, -71, Chart reuse, Lawn green
-50, -36, -45, -23, -42, -33, Chart reuse, Snow
60, -72, 60, -71, 47, -73, Burly wood, Deep sky blue
93, -2, 98, 1, 92, 5, Powder blue, Dark slate gray
-35, -23, -34, -18, -47, -16, Medium orchid, Dark orange
27, 75, 40, 70, 29, 69, Blue, Midnight blue
36, -56, 38, -55, 38, -64, Powder blue, Light pink
-19, 83, -13, 84, -22, 78, Crimson, Magenta
38, 37, 33, 31, 34, 39, Dark salmon, Green
11, -14, 6, -17, 9, -14, Light blue, Honeydew
59, -95, 65, -95, 61, -81, Navy, Plum
-49, 27, -51, 24, -43, 28, Maroon, Olive
-3, 1, -6, -6, 2, -12, Gold, Dark blue
20, -51, 26, -45, 32, -56, Dark green, Olive
86, -9, 90, -18, 74, -13, White, Blue
42, 18, 37, 16, 39, 22, Chocolate, Pale violet red
16, 38, 16, 27, 20, 42, Cyan, Mint cream
-7, -98, -23, -99, -15, -92, Blue, Fuchsia
33, -61, 26, -65, 30, -64, Orange red, Light pink
-94, -66, -92, -68, -86, -63, Gainsboro, Antique white
-89, 23, -93, 21, -96, 26, Sienna, Dark golden rod
61, 11, 64, 4, 53, 18, Medium spring green, Wheat
-40, 91, -48, 83, -39, 83, Floral white, Papaya whip
90, 100, 89, 88, 92, 98, Burly wood, Forest green
35, -10, 44, -16, 35, -8, Black, Midnight blue
23, 59, 33, 53, 30, 49, Green yellow, Purple
-47, -37, -33, -33, -34, -29, Lemon chiffon, Dim gray
66, -69, 58, -60, 63, -56, Light coral, Fuchsia
-79, 99, -67, 96, -77, 95, Misty rose, Red
-95, 85, -91, 75, -84, 80, Violet, Beige
22, 55, 26, 47, 32, 43, Dark khaki, Pale turquoise
80, 43, 87, 33, 95, 36, Plum, Lawn green
-68, -27, -71, -43, -74, -39, Saddle brown, Light sea green
69, -37, 68, -41, 78, -44, Coral, Black
-18, 40, -11, 51, -17, 50, Snow, Dark khaki
53, -5, 68, 5, 59, -7, Indian red, Medium orchid
65, -88, 73, -95, 71, -83, Steel blue, Thistle
95, 73, 79, 66, 96, 65, Blue, Dark orange
-40, 33, -45, 32, -47, 44, Navy, Firebrick
-34, 80, -45, 88, -30, 84, Peru, Slate gray
-68, 86, -66, 82, -75, 85, Black, Orange
29, -27, 29, -22, 35, -23, Aqua marine, Pink
2, -10, -4, -16, 7, -12, Yellow, Navy
61, -98, 57, -99, 63, -90, Tomato, Dark sea green
-66, 79, -81, 82, -74, 78, Pink, Dark magenta
-96, -36, -86, -41, -100, -35, Gray, Blanched almond
13, 10, 16, 16, 2, 16, Dim gray, Gray
-21, -88, -24, -91, -19, -82, Turquoise, Salmon
12, 2, 9, -3, 9, 5, Maroon, Tomato
37, -85, 31, -75, 34, -81, Light grey, Light yellow
39, -78, 45, -79, 39, -66, Antique white, Light blue
-14, -50, -15, -49, -25, -45, Dim gray, Sea green
40, -81, 38, -86, 30, -88, Khaki, Burly wood
-100, -41, -89, -33, -92, -42, Dark slate gray, Light sky blue
76, 12, 70, 4, 72, 2, Medium turquoise, Spring green
-24, -55, -22, -50, -17, -53, Light grey, Light salmon
20, 4, 16, 14, 26, 20, Teal, Saddle brown
81, 93, 71, 92, 87, 90, Dark gray, Crimson
-95, -78, -100, -89, -88, -83, Medium blue, Light coral
94, -72, 76, -74, 81, -71, Violet, Light coral
-30, 35, -25, 25, -34, 30, Rosy brown, Golden rod
100, -48, 93, -60, 90, -63, Light pink, Dark red
-64, -24, -64, -13, -56, -19, Chocolate, Dark red
6, -48, 10, -52, 3, -60, Salmon, Forest green
91, -78, 81, -75, 88, -82, Green, Slate blue
-25, 45, -21, 56, -23, 45, Slate blue, Khaki
55, -93, 48, -84, 47, -91, Blue, Linen
68, -45, 67, -47, 65, -52, Papaya whip, Lavender blush
8, -7, 0, -11, 15, -8, Light pink, Chocolate
74, -29, 73, -16, 72, -31, Sea green, Dark green
-13, 52, -12, 59, -3, 47, White smoke, Olive drab
0, 64, 0, 59, -2, 59, Olive, Sea shell
-87, 51, -78, 50, -92, 41, Gray, Gold
69, -42, 77, -43, 69, -33, Gold, Fuchsia
95, 31, 90, 31, 91, 31, Dark magenta, Yellow green
10, 96, 13, 93, 11, 93, Maroon, Lawn green
26, -4, 24, -2, 29, 7, Deep sky blue, Orchid
-5, -18, -14, -22, -2, -17, Blue, Purple
42, -22, 33, -21, 38, -13, Black, Rosy brown
98, 64, 95, 63, 89, 67, Green yellow, Slate gray
-50, -56, -54, -59, -56, -60, Green yellow, Teal
39, -95, 37, -97, 47, -83, Medium slate blue, Sandy brown
48, 85, 58, 91, 59, 90, Dark red, Dark red
-80, 49, -68, 49, -79, 39, Medium aqua marine, Yellow
99, 76, 95, 73, 95, 83, Corn flower blue, Sea shell
-53, -9, -56, -10, -56, -7, Cyan, Purple
-21, 38, -30, 31, -29, 44, Wheat, Tomato
-32, -49, -31, -51, -42, -60, Crimson, Medium violet red
-87, -1, -77, -4, -74, 8, Lime, Pink
16, 70, 14, 74, 22, 66, Red, Antique white
-76, 15, -71, 12, -67, 18, Tan, Magenta
72, 19, 74, 22, 80, 16, Medium blue, Medium sea green
75, -20, 84, -22, 85, -29, Dark golden rod, Mint cream
75, -34, 82, -30, 76, -36, Light grey, Moccasin
57, 70, 64, 66, 61, 67, Alice blue, Hot pink
-97, -32, -92, -24, -97, -33, Yellow, Silver
88, 24, 81, 28, 79, 12, Dark orange, Silver
79, -67, 79, -61, 81, -63, Yellow, Yellow green
77, -24, 73, -25, 73, -11, White, Purple
53, 1, 44, 7, 39, 12, Spring green, Magenta
47, -89, 47, -77, 56, -93, Dark slate gray, Bisque
-6, -38, -11, -34, -13, -40, Medium spring green, Medium spring green
-39, -6, -31, -11, -35, -9, Dim gray, Gold
-77, -89, -76, -83, -67, -83, Pale violet red, Mint cream
-93, 81, -77, 84, -84, 79, Light coral, Pale green
-76, -36, -78, -37, -66, -32, Old lace, Royal blue
46, 54, 40, 68, 35, 62, Navy, Khaki
-64, 17, -73, 14, -76, 26, Dim grey, Maroon
22, -27, 19, -26, 24, -23, Salmon, Sky blue
5, -1, 4, -3, 5, 12, Blue violet, Coral
-42, -31, -41, -38, -45, -32, Khaki, Teal
32, -94, 24, -94, 23, -100, Ghost white, Dark khaki
15, 3, 14, 7, 18, 6, Medium orchid, Crimson
-22, -34, -18, -17, -13, -29, Olive, Pale golden rod
61, 65, 54, 66, 49, 71, Yellow, Dark magenta
-73, 55, -72, 60, -60, 55, Light slate gray, Green yellow
69, -47, 76, -48, 83, -51, Green, Yellow
-78, 52, -75, 50, -81, 47, Powder blue, Maroon
-81, 61, -76, 68, -71, 60, Corn silk, Midnight blue
-41, -67, -37, -61, -42, -69, Moccasin, Ivory
67, 17, 59, 5, 56, 20, Sea shell, Silver
-83, -53, -83, -51, -83, -38, Black, Lemon chiffon
18, -96, 17, -100, 18, -98, Dark salmon, Red
86, 14, 77, 21, 83, 24, Dark sea green, Light golden rod yellow
47, 75, 44, 67, 47, 67, Deep sky blue, Chocolate
-49, -71, -52, -67, -48, -69, Gainsboro, Gray
-1, -83, -12, -84, -8, -85, Maroon, Dark slate gray
99, -28, 88, -24, 96, -36, Antique white, Pale green
-6, -74, -17, -70, -14, -69, Salmon, Olive
32, 43, 35, 41, 21, 41, Medium spring green, Aqua marine
-38, -53, -43, -54, -38, -62, Black, Slate blue
32, 95, 35, 92, 34, 90, Peru, Spring green
94, -42, 96, -53, 94, -48, Medium slate blue, Moccasin
71, -19, 63, -11, 63, -14, Grey, Light sky blue
67, -72, 72, -75, 71, -78, Chocolate, Dark salmon
87, -55, 82, -48, 86, -55, Lime, Sky blue
18, 45, 19, 40, 18, 46, Light yellow, Medium turquoise
-11, 38, -8, 31, -3, 30, Dark grey, White
-64, -11, -74, -4, -60, 3, Fuchsia, Navy
-31, -25, -31, -10, -38, -21, Lemon chiffon, Green
18, 0, 22, -10, 25, 2, Spring green, Misty rose
-28, 36, -26, 39, -28, 44, Salmon, Old lace
-2, 93, 7, 100, -3, 91, Silver, Gainsboro
-71, -96, -79, -96, -69, -96, White, Olive
65, -33, 54, -38, 66, -34, Indian red, Dark golden rod
22, 90, 8, 86, 23, 90, Dim grey, Dark cyan
-48, -71, -55, -70, -56, -67, Gainsboro, Sky blue
-36, -28, -43, -21, -34, -21, Tan, Light pink
-81, -15, -79, -23, -78, -13, Green yellow, Royal blue
-94, -47, -100, -47, -97, -31, Coral, Tomato
-7, -98, -7, -92, -6, -92, Fuchsia, Dark red
72, -57, 70, -67, 67, -54, Firebrick, Light steel blue
-100, 54, -99, 57, -91, 62, Dark green, Dark violet
-53, -11, -49, -8, -41, -11, Bisque, Magenta
33, -69, 32, -68, 43, -68, Deep pink, Light blue
38, 64, 52, 71, 45, 64, Green, Black
-97, -21, -88, -13, -91, -16, Dark slate blue, Navajo white
80, -42, 75, -44, 80, -46, Khaki, Lime green
46, 71, 58, 80, 59, 71, Corn flower blue, Tan
-99, 50, -89, 45, -83, 44, Purple, Azure
-97, 17, -99, 14, -89, 24, Wheat, Yellow green
-36, 83, -33, 80, -42, 82, Plum, Chart reuse
-38, 40, -34, 39, -48, 36, Dark orchid, Chart reuse
-1, -87, -9, -94, -13, -93, Yellow, Purple
52, -68, 49, -54, 48, -58, Lavender blush, Fuchsia
-74, -36, -75, -41, -74, -42, Snow, Light gray
99, 33, 100, 37, 88, 31, Dark green, Medium purple
-24, -92, -24, -84, -22, -87, Light gray, Lavender blush
62, -97, 62, -89, 69, -92, Orange, White smoke
10, 2, 2, 16, 15, 17, Cyan, Gray
9, 70, 5, 79, 12, 79, Medium purple, Green
11, 9, 15, 17, 13, 10, Linen, Dark magenta
-53, -17, -54, -18, -51, -16, Plum, Thistle
-6, 4, -3, -2, -2, 6, Corn silk, Dark blue
92, 89, 88, 88, 93, 97, Silver, Purple
29, -37, 25, -42, 33, -44, Dark blue, Honeydew
74, -11, 78, -18, 77, -14, Medium blue, Fuchsia
94, 76, 91, 74, 97, 70, Teal, Papaya whip
-66, 2, -53, 9, -66, 2, Light pink, Grey
-79, -85, -66, -81, -75, -92, Sky blue, Royal blue
96, -79, 96, -77, 97, -67, Pink, Spring green
95, -63, 100, -59, 99, -64, Tan, Tomato
76, 24, 76, 25, 66, 22, Honeydew, Dark violet
-17, -87, -29, -92, -21, -85, Light slate gray, Light grey
-55, 27, -43, 24, -57, 16, Slate gray, Aqua
100, 85, 92, 83, 93, 82, Golden rod, Linen
-58, -72, -54, -71, -61, -66, Medium aqua marine, Plum
93, -20, 92, -16, 93, -12, White smoke, Gray
-86, -89, -83, -95, -89, -100, Wheat, Medium blue
-44, -95, -43, -86, -49, -89, Green, Slate blue
90, -31, 84, -42, 83, -34, Sandy brown, Sea green
91, -63, 96, -56, 100, -63, Dark sea green, Chocolate
-30, 23, -27, 5, -22, 10, Light pink, Orange
53, -55, 57, -47, 62, -51, Wheat, Dim grey
-38, 57, -36, 57, -47, 72, Light coral, White smoke
-40, -38, -35, -44, -39, -49, Aqua marine, Light golden rod yellow
-45, -74, -47, -77, -47, -77, Cadet blue, Yellow green
-1, -84, -3, -81, -7, -88, Light salmon, Green
86, -27, 89, -18, 93, -24, Light blue, Dark gray
-19, 34, -11, 26, -14, 33, Medium blue, Yellow green
-65, 20, -66, 16, -52, 25, Light blue, Medium blue
25, 96, 33, 84, 32, 85, Magenta, Light blue
48, -10, 55, -11, 56, -16, Navy, Dark turquoise
-19, -21, -20, -15, -14, -21, Light grey, Green
-39, 75, -29, 73, -33, 71, Slate gray, Gray
82, 67, 71, 66, 73, 66, Sienna, Royal blue
-65, -85, -69, -99, -57, -86, Violet, Medium violet red
-25, -51, -35, -44, -33, -60, Snow, Light slate gray
76, 89, 87, 90, 82, 99, Royal blue, Yellow
-65, 71, -67, 72, -60, 62, Alice blue, Light blue
15, 39, 23, 41, 23, 40, Gray, Light golden rod yellow
-67, -56, -69, -56, -66, -59, Orange, Slate blue
-96, 13, -91, -2, -98, 7, Dark golden rod, Ghost white
-42, -38, -48, -52, -55, -39, Grey, Deep pink
83, 91, 85, 97, 82, 89, Blue violet, Green
98, -29, 98, -36, 95, -24, Snow, Pink
-3, -14, 5, -11, 8, -19, Turquoise, Light gray
-99, 58, -97, 60, -83, 54, Linen, Coral
-40, -61, -36, -69, -35, -64, Deep pink, Lemon chiffon
2, -67, 4, -68, -2, -68, White, Silver
-95, -84, -95, -84, -94, -77, Dark gray, Medium turquoise
-16, -68, -7, -77, -4, -58, Mint cream, Bisque
8, -88, 1, -94, 8, -93, Light yellow, Violet
63, -65, 64, -71, 59, -75, Light slate gray, Fuchsia
46, 46, 54, 59, 42, 56, Dark red, Gray
-85, -92, -82, -91, -79, -96, Old lace, Dark orchid
60, 26, 61, 15, 66, 29, Light grey, Pale violet red
47, 49, 55, 38, 51, 47, Medium blue, Dark grey
94, 10, 85, 23, 84, 19, Beige, Dark olive green
69, -79, 72, -79, 69, -81, Sea green, Light golden rod yellow
41, 50, 43, 49, 43, 35, Brown, Green yellow
-1, -57, 2, -55, -8, -53, Cyan, Medium spring green
-81, -92, -79, -97, -85, -99, Alice blue, Dark orchid
89, 72, 77, 70, 83, 64, Misty rose, Plum
-27, -99, -32, -90, -29, -90, Blue, Spring green
-18, 17, -17, 14, -25, 15, Indigo, Light salmon
86, -72, 89, -80, 87, -83, Dark slate gray, Snow
-69, -10, -58, -17, -61, -18, Tomato, Firebrick
-68, -84, -58, -87, -61, -80, Light yellow, Dark cyan
-48, 85, -55, 90, -49, 87, Misty rose, White
8, 27, 5, 18, 12, 28, Golden rod, Steel blue
-87, -75, -88, -74, -81, -67, Medium slate blue, Light blue
88, -62, 81, -56, 86, -49, Dark orange, Ivory
-95, 35, -82, 38, -87, 38, Pale golden rod, Ivory
57, -57, 52, -51, 54, -49, Orange, Tomato
-83, 36, -88, 36, -88, 33, Snow, Dark grey
85, -82, 87, -67, 80, -70, Golden rod, Dark grey
95, -72, 96, -70, 92, -74, White, Antique white
46, 25, 39, 23, 32, 35, Maroon, Pale green
-25, 4, -27, 3, -25, -4, Red, Purple
-28, 94, -31, 95, -18, 97, Sea shell, Dark salmon
-60, 10, -74, 10, -63, 8, Teal, Snow
-21, -86, -13, -94, -16, -88, Light gray, Red
68, -61, 77, -58, 68, -61, Medium sea green, Dark red
-35, 74, -37, 72, -48, 84, Medium turquoise, Cyan
-50, -18, -57, -17, -51, -6, Ivory, Dark slate blue
-6, 38, -15, 43, -5, 38, Slate gray, White smoke
-61, -70, -50, -63, -52, -71, Dark violet, Medium aqua marine
78, 17, 78, 10, 80, 8, Indian red, Royal blue
-97, -23, -88, -25, -91, -19, Orchid, Sky blue
-93, 31, -96, 28, -100, 34, Lavender blush, Light slate gray
-28, -24, -15, -34, -17, -39, Blue violet, Orchid
-52, 62, -52, 53, -45, 59, Red, Chocolate
-31, -56, -25, -47, -28, -47, Dark sea green, Antique white
-55, 44, -46, 40, -50, 46, Light blue, Turquoise
27, 36, 32, 47, 29, 37, Sky blue, Medium sea green
0, -91, -8, -88, -8, -86, Beige, Corn silk
-38, -40, -27, -38, -23, -39, Cadet blue, Medium sea green
20, -21, 23, -22, 17, -21, Light coral, Dark violet
-64, 16, -61, 20, -64, 22, Teal, Dark sea green
-59, -66, -64, -65, -64, -69, Indian red, Snow
-13, 79, -15, 61, -13, 62, Lime, Light coral
-18, -72, -23, -80, -27, -79, White, Moccasin
-2, -23, -10, -27, -7, -31, Maroon, Dark gray
97, -42, 98, -54, 90, -48, Royal blue, Green
-72, -62, -80, -65, -71, -63, Sienna, Indian red
-55, -12, -52, -3, -63, -12, Medium sea green, Thistle
81, 85, 78, 90, 75, 87, Aqua marine, Crimson
-25, -74, -28, -74, -13, -69, Lavender blush, Dark gray
-56, 1, -59, 7, -60, 10, Peach puff, Misty rose
95, -99, 88, -100, 86, -99, Gray, Fuchsia
-46, 15, -46, 9, -55, 14, Medium turquoise, Deep pink
-88, -83, -89, -80, -100, -84, Fuchsia, Tan
12, 39, 11, 39, 7, 34, Medium purple, Corn flower blue
89, -44, 90, -52, 88, -51, Light gray, Plum
12, -78, 2, -65, 1, -62, Bisque, Grey
-54, 92, -57, 89, -69, 81, Light coral, Lawn green
6, -99, 1, -84, 5, -87, Green yellow, Plum
10, 100, 5, 99, -2, 90, Silver, Azure
-37, -93, -28, -96, -26, -90, Navy, Dark golden rod
-75, 41, -75, 37, -82, 44, Azure, Light gray
-94, -68, -96, -67, -98, -74, Fuchsia, Light coral
91, 94, 89, 96, 94, 92, Teal, Dark gray
-36, 31, -46, 35, -42, 37, Brown, Papaya whip
83, -16, 86, -18, 84, -11, Alice blue, Navajo white
97, 63, 94, 61, 94, 57, Lemon chiffon, Powder blue
32, 76, 37, 86, 35, 93, White smoke, Light sea green
42, -33, 46, -31, 44, -37, Dim gray, Dark magenta
-30, 4, -28, 10, -41, 12, Pale turquoise, Sea green
28, 75, 20, 73, 21, 70, Magenta, Lime
17, 66, 4, 64, 16, 62, Magenta, Olive
80, -29, 85, -19, 83, -30, Lime green, Sea shell
-71, 93, -69, 83, -69, 84, Silver, Dark khaki
88, 72, 82, 61, 81, 63, Plum, Slate gray
71, -2, 75, -10, 78, 3, Slate gray, Papaya whip
-52, 72, -52, 76, -37, 64, Dark blue, Royal blue
54, -63, 55, -54, 59, -54, Dark sea green, Maroon
-13, 70, 2, 70, -8, 65, Pale green, Pale golden rod
47, -63, 54, -65, 54, -66, Dark khaki, Olive drab
52, -15, 51, -17, 48, -21, Coral, Tomato
-21, 53, -25, 45, -37, 46, Maroon, Pale turquoise
-46, 60, -51, 67, -48, 65, Light green, Light golden rod yellow
37, 18, 38, 8, 38, 21, Peru, Alice blue
-43, 19, -40, 18, -52, 23, Medium aqua marine, Coral
38, -14, 25, -18, 26, -13, Snow, Teal
-17, 38, -11, 41, -9, 23, Dark green, Pale turquoise
-11, -94, -11, -89, -6, -98, Ghost white, Corn flower blue
-90, -87, -95, -96, -98, -86, Floral white, Steel blue
23, 31, 14, 31, 24, 21, Thistle, White
87, 39, 74, 36, 81, 46, Dark orange, Thistle
-29, -86, -19, -92, -16, -97, Tan, Yellow
-14, 46, -15, 34, -16, 35, Purple, Magenta
-1, 14, 2, 16, -7, 5, Purple, Pale green
-50, -65, -43, -61, -41, -65, Maroon, Lemon chiffon
47, 94, 53, 99, 44, 99, Green, Dark olive green
12, -45, 7, -54, 10, -45, Pink, Black
86, 33, 86, 32, 94, 41, Burly wood, Navy
28, -53, 19, -55, 19, -45, Turquoise, Sienna
-2, -20, 0, -26, 4, -9, Burly wood, Wheat
93, 59, 78, 52, 93, 46, Dark slate blue, Light salmon
-41, -2, -50, 2, -43, 3, Olive, Spring green
42, 24, 40, 36, 46, 23, Lime green, Spring green
-38, 84, -36, 76, -33, 79, Medium orchid, Bisque
-7, -24, -2, -27, -11, -28, Spring green, Medium spring green
-48, -40, -52, -25, -54, -26, Bisque, Ivory
58, 11, 67, 8, 71, 10, Teal, Alice blue
82, -56, 86, -56, 75, -69, Silver, Sea green
-2, -82, -1, -89, 1, -88, Azure, Slate blue
97, -18, 85, -25, 94, -30, Bisque, Aqua marine
-22, 48, -30, 34, -20, 47, Olive, Khaki
56, -21, 44, -19, 55, -23, Dark cyan, Pale turquoise
-14, 12, -17, 10, -11, 20, Light pink, Plum
1, -25, -1, -19, 2, -16, Dark blue, Medium turquoise
-81, 6, -77, 5, -91, 11, Orange, Dark slate blue
-71, -74, -68, -87, -59, -87, Lime, Yellow
18, -93, 19, -92, 27, -91, Silver, Forest green
99, -45, 100, -59, 93, -59, Dark salmon, Medium blue
-18, -43, -14, -49, -26, -46, Steel blue, Yellow
47, -80, 51, -84, 52, -79, Dark grey, Royal blue
59, 8, 57, 12, 58, 11, Sea shell, Beige
-41, 34, -28, 33, -25, 34, Green, Dark sea green
-18, -37, -10, -43, -23, -34, Plum, Olive
50, -72, 51, -69, 59, -68, Lawn green, Dark orange
4, -87, 16, -86, 3, -91, Brown, Sea shell
63, 46, 56, 45, 53, 50, Fuchsia, Blue violet
49, -33, 48, -25, 42, -19, Sea shell, Slate gray
-50, 76, -56, 78, -44, 88, White, Sandy brown
-64, 82, -82, 88, -76, 79, Blue, Slate gray
-24, -82, -16, -90, -23, -82, Red, Silver
14, 32, 9, 38, 18, 35, Teal, Light coral
23, 2, 14, 3, 15, -8, Pink, Honeydew
-24, -6, -15, 2, -27, -1, Orchid, Cyan
-82, 17, -78, 28, -87, 22, Plum, Olive
36, -14, 36, -15, 30, -24, Lawn green, Dark red
-3, 61, -14, 62, -11, 64, Sky blue, Hot pink
-50, 39, -52, 37, -40, 43, Slate blue, Deep sky blue
31, 42, 28, 51, 29, 59, Mint cream, Light steel blue
80, -88, 78, -86, 86, -97, Indigo, Gray
-15, -39, -18, -32, -15, -41, Gray, Medium spring green
-31, -12, -34, -11, -39, -18, Green, Grey
-75, -99, -81, -92, -76, -85, Teal, Gainsboro
48, 40, 55, 45, 56, 45, Indian red, Corn flower blue
20, 7, 20, 15, 23, 9, Dark golden rod, Light golden rod yellow
-67, -94, -72, -90, -72, -94, Red, Yellow
70, -98, 58, -93, 66, -91, Salmon, Old lace
-5, 97, 11, 96, 9, 97, Maroon, Light salmon
39, -19, 51, -21, 44, -23, Dark blue, Blue
-16, 95, -4, 91, -18, 90, Navajo white, Corn flower blue
-22, 13, -14, 3, -26, 15, Gainsboro, Grey
44, 3, 47, -3, 39, 5, Dark turquoise, Wheat
25, -60, 14, -58, 9, -57, Hot pink, Light sea green
39, 78, 39, 78, 42, 69, Lavender, Light sea green
-63, -41, -63, -44, -65, -46, Deep pink, Powder blue
30, -33, 36, -38, 43, -33, Lime, Pale turquoise
17, 78, 28, 76, 12, 77, Sky blue, Dark olive green
47, 31, 51, 28, 45, 32, Light blue, Gold
-72, -74, -87, -66, -75, -75, Dark violet, Indian red
-47, 71, -54, 85, -57, 80, Light steel blue, Purple
-48, -81, -58, -81, -43, -73, Light sky blue, Lime
78, -41, 89, -34, 87, -28, Light golden rod yellow, Indian red
-48, 38, -52, 44, -57, 45, Medium purple, Burly wood
58, -60, 67, -59, 70, -50, Black, Grey
98, 28, 92, 35, 99, 30, Yellow, Hot pink
-82, -92, -97, -98, -92, -96, Green, Light blue
26, 52, 13, 44, 17, 48, Crimson, Green yellow
-14, 93, -25, 94, -28, 94, Dim grey, Yellow green
21, 83, 18, 84, 25, 79, Corn flower blue, Firebrick
92, -83, 84, -71, 88, -73, Crimson, Pink
-53, 17, -68, 16, -58, 21, White smoke, Cadet blue
-33, 36, -28, 31, -26, 39, Blue violet, Medium aqua marine
-73, 14, -66, 12, -68, 22, Slate gray, Black
-16, 63, -23, 52, -27, 58, Black, Gray
10, -82, 15, -65, 2, -76, Orange red, Golden rod
42, 37, 45, 37, 50, 41, Dark slate gray, Dim grey
-7, -89, -18, -97, -21, -85, Dark olive green, Navajo white
-93, 32, -100, 23, -93, 23, Aqua, Sea shell
-78, 25, -64, 13, -70, 12, Dark red, Teal
75, -37, 82, -38, 90, -42, Dark gray, Alice blue
-61, 15, -60, 15, -60, 21, Saddle brown, Medium sea green
-63, 91, -61, 91, -56, 95, Dodger blue, Dark sea green
64, -98, 65, -93, 64, -92, Dark violet, Fuchsia
-53, 2, -55, 8, -46, 5, Dark grey, Lavender
-57, -45, -62, -46, -53, -49, Aqua marine, Misty rose
54, -87, 55, -87, 50, -81, Slate blue, Alice blue
44, 22, 38, 24, 48, 34, Purple, Light pink
-59, -69, -45, -69, -54, -60, Salmon, Dodger blue
63, -74, 61, -87, 58, -76, Peach puff, Forest green
-41, 36, -36, 52, -32, 38, Maroon, Rosy brown
-64, 27, -61, 26, -64, 27, Dark turquoise, Medium orchid
-83, 3, -84, 12, -81, 6, White smoke, Dark orange
68, 20, 75, 21, 71, 25, Rosy brown, Dark grey
41, 54, 38, 63, 40, 57, Green, Sienna
9, -88, 23, -99, 13, -83, Purple, Peach puff
77, 63, 76, 70, 68, 73, Light yellow, Sea green
-31, 94, -25, 98, -27, 88, Light slate gray, Blanched almond
53, 26, 62, 26, 52, 29, Violet, Blanched almond
48, -95, 53, -91, 48, -94, Indigo, Medium violet red
78, -26, 69, -21, 71, -20, Medium blue, Ghost white
28, -90, 31, -86, 34, -85, Pale green, Golden rod
46, 34, 41, 45, 44, 43, Royal blue, Dark orange
47, -4, 40, -7, 46, -5, Aqua, Medium turquoise
-1, 71, -5, 65, -10, 68, Orchid, Medium violet red
56, -20, 65, -21, 59, -12, Light slate gray, Peru
6, -72, 14, -73, 14, -79, Pale violet red, Deep pink
-74, 19, -69, 27, -72, 24, Medium turquoise, Dark slate gray
-20, -79, -20, -85, -25, -88, Red, Firebrick
-14, 51, -23, 46, -19, 51, Dark sea green, Medium aqua marine
65, 20, 66, 17, 72, 23, Dodger blue, Medium blue
-39, 99, -23, 100, -28, 100, Light coral, Light steel blue
-64, -30, -70, -39, -71, -36, Salmon, Violet
-67, -75, -72, -79, -67, -78, Golden rod, Papaya whip
29, 35, 36, 36, 29, 33, Medium aqua marine, Magenta
-66, -59, -59, -57, -63, -63, Chart reuse, Blanched almond
43, 60, 33, 51, 32, 47, Burly wood, Cyan
-12, -2, -21, -2, -9, -6, Black, Teal
70, -38, 62, -48, 67, -41, Black, Mint cream
-91, 49, -89, 47, -97, 46, Yellow, Light steel blue
74, -27, 76, -26, 71, -30, Dark red, Green
-64, -99, -58, -86, -66, -99, Navajo white, Red
-4, -59, -11, -55, -13, -50, Dark cyan, Dark olive green
-55, 71, -70, 78, -64, 85, Coral, Tan
-94, 25, -94, 16, -88, 26, White, Teal
-24, 52, -22, 51, -33, 45, Chocolate, Dark red
-21, -24, -10, -21, -6, -21, Light green, Light coral
58, 47, 63, 42, 50, 35, Medium sea green, Light yellow
78, -44, 82, -40, 84, -52, Dark salmon, Red
-31, -8, -31, -2, -32, -2, Lemon chiffon, Pink
-25, -41, -18, -39, -29, -36, Green yellow, Misty rose
100, -6, 90, -9, 84, -10, Black, Blue violet
67, -50, 64, -52, 64, -48, Dark magenta, Medium blue
-55, 82, -62, 80, -52, 86, Olive, Purple
58, 29, 66, 33, 52, 29, Gold, Dark sea green
10, -28, 14, -33, 10, -17, Plum, Dark salmon
-96, -6, -97, -8, -96, -6, Orange, Pale golden rod
46, 12, 41, 6, 41, 9, Moccasin, Deep pink
32, 51, 41, 65, 29, 55, Chocolate, Alice blue
-87, 30, -89, 29, -85, 35, Yellow, Slate gray
60, 81, 62, 70, 65, 71, Yellow, Red
33, -46, 44, -47, 40, -55, Light slate gray, Old lace
-17, 69, -16, 73, -5, 65, Dark cyan, Light sky blue
19, -7, 18, -1, 20, -8, Crimson, Medium blue
-1, -85, -6, -84, -5, -80, Medium slate blue, Powder blue
-90, 100, -94, 96, -94, 98, Purple, Saddle brown
4, -88, 6, -86, 17, -97, Light gray, Ghost white
30, 28, 24, 29, 14, 35, Fuchsia, Light grey
-39, 31, -38, 38, -39, 38, Old lace, Maroon
-26, -40, -28, -37, -28, -54, Light pink, Silver
-91, -40, -99, -36, -100, -30, Firebrick, White smoke
20, -51, 17, -50, 13, -51, Green, Powder blue
96, -59, 92, -62, 92, -68, Sea shell, Gold
-57, -86, -52, -96, -53, -96, Navy, Orange
14, 68, -2, 76, 4, 76, Dark violet, Saddle brown
40, -100, 48, -93, 42, -100, Teal, Misty rose
-23, -20, -21, -7, -30, -15, Pale green, Green
-100, 15, -98, 18, -99, 12, Dark green, Dark cyan
30, 79, 29, 77, 33, 72, Light gray, Orange
-66, 67, -69, 69, -72, 71, Silver, Light slate gray
-96, 52, -93, 60, -99, 65, Burly wood, Dark green
38, -27, 28, -34, 37, -23, Gold, Chart reuse
-9, -7, -11, 1, -4, -3, Lawn green, Pale violet red
48, -74, 39, -60, 51, -64, White smoke, Cadet blue
-91, -100, -82, -99, -87, -94, Floral white, Light golden rod yellow
-80, 68, -87, 71, -97, 69, Deep pink, Thistle
46, -4, 45, -18, 53, -11, Alice blue, Golden rod
-31, 28, -34, 24, -35, 21, Pale turquoise, Medium purple
-81, 4, -81, 15, -76, 7, Olive drab, Medium spring green
41, -33, 45, -42, 50, -36, Brown, Sky blue
-95, 54, -100, 59, -99, 57, Firebrick, Dark magenta
-47, 62, -30, 57, -33, 53, Firebrick, Saddle brown
-27, 14, -39, 16, -38, 15, Fuchsia, Navajo white
14, 61, 10, 47, 20, 63, Light grey, Dim grey
-16, 11, -24, 13, -26, 9, Gray, Silver
76, 46, 74, 47, 82, 43, Sea green, Light blue
27, 51, 34, 44, 31, 46, Bisque, Corn flower blue
-72, 55, -71, 66, -71, 58, Green yellow, Dim gray
35, 3, 49, -1, 45, -7, Firebrick, Medium slate blue
-80, -78, -82, -76, -70, -76, Chart reuse, Sea shell
-36, -26, -35, -28, -32, -28, Spring green, Forest green
26, 71, 34, 70, 32, 80, Slate blue, Antique white
59, 36, 56, 41, 59, 48, Salmon, Yellow
11, 80, 9, 89, 15, 90, Dark turquoise, Navajo white
13, -98, 16, -83, 17, -87, Navy, Rosy brown
23, -92, 21, -93, 19, -75, Orange red, Dark violet
-10, 30, -21, 41, -9, 34, Dark orchid, Lavender blush
73, -83, 82, -77, 78, -68, Olive, Bisque
-11, 36, -8, 34, -8, 40, Lemon chiffon, Navajo white
59, -13, 64, -8, 75, -17, Light grey, Dark red
6, 15, 2, 25, 6, 23, Lime, Orange red
31, -20, 30, -36, 17, -31, White, Alice blue
75, 49, 80, 42, 89, 52, Green yellow, Light sky blue
-25, 42, -19, 40, -7, 45, Dark violet, Medium turquoise
92, -55, 94, -51, 98, -66, Ivory, Hot pink
-80, -77, -78, -72, -77, -71, Light sky blue, Lawn green
-68, 6, -60, -1, -58, -1, Yellow, Medium slate blue
76, 47, 72, 59, 67, 59, Navajo white, Bisque
24, 3, 28, 6, 32, 6, Cadet blue, Peach puff
70, -87, 67, -88, 72, -77, Brown, Honeydew
-54, 41, -49, 41, -48, 38, Pale turquoise, Gray
-48, -35, -57, -51, -49, -40, Dark turquoise, Dark olive green
92, 32, 93, 34, 97, 43, Brown, Ghost white
84, -56, 78, -50, 84, -51, Sandy brown, Alice blue
-62, -86, -62, -91, -52, -98, Pink, Snow
100, 76, 100, 69, 95, 64, Deep pink, Sky blue
-68, 34, -73, 33, -70, 26, White, Black
89, -77, 98, -80, 88, -82, Coral, Beige
-33, -50, -30, -44, -18, -51, Yellow, Salmon
-27, -24, -20, -20, -29, -22, Maroon, Burly wood
-18, 21, -14, 25, -15, 23, Cyan, Dodger blue
-67, -64, -71, -59, -80, -69, Moccasin, Medium blue
-64, 40, -70, 32, -63, 38, Green yellow, Cyan
-35, 43, -42, 35, -37, 26, Light pink, Mint cream
-21, 87, -17, 83, -12, 82, Purple, Dark green
2, 32, -3, 43, -9, 43, Corn flower blue, Dark red
46, 6, 46, 0, 39, 2, Light sky blue, Thistle
-99, -88, -95, -94, -97, -79, Navajo white, Blue
64, 51, 71, 49, 66, 53, Salmon, Lavender
27, 34, 32, 29, 31, 36, Aqua, Black
-63, 23, -71, 24, -68, 11, White smoke, Midnight blue
58, 57, 45, 67, 53, 55, Magenta, Lavender blush
55, 98, 50, 90, 52, 88, Dim grey, Coral
13, 48, 0, 44, 13, 45, Navajo white, Sea shell
97, 60, 92, 67, 96, 60, Slate blue, Dark slate blue
-49, -78, -50, -77, -52, -77, Mint cream, Dim grey
20, 90, 10, 87, 19, 88, Dark golden rod, Sea shell
-6, -27, -12, -27, -1, -31, Dark orchid, Medium spring green
12, 34, 16, 42, 20, 30, Blue, Dark magenta
49, -60, 42, -59, 53, -46, Light pink, Sienna
85, -48, 84, -53, 88, -51, Powder blue, Purple
57, 32, 61, 40, 54, 29, Violet, Blue
-31, -81, -35, -89, -20, -88, Forest green, White
-32, 89, -46, 95, -47, 91, Dark red, Honeydew
-20, 70, -14, 57, -22, 70, Chocolate, Dark red
13, 84, 16, 77, 18, 86, Light pink, Forest green
5, -84, 2, -94, 1, -96, Orchid, Moccasin
61, 14, 71, 21, 73, 20, Dark blue, Olive
-66, -27, -61, -12, -56, -24, Yellow green, Slate gray
41, 5, 44, 2, 41, 12, Teal, Magenta
19, 23, 13, 34, 21, 22, Khaki, Floral white
95, 28, 92, 31, 93, 33, Maroon, Wheat
74, -48, 79, -46, 67, -48, Medium turquoise, Magenta
6, -4, 1, -8, -2, -9, Light salmon, Lemon chiffon
19, 3, 19, -10, 29, -1, Light golden rod yellow, Pale golden rod
8, 99, 15, 88, 6, 89, Rosy brown, Slate gray
98, -19, 99, -24, 97, -29, Peru, Grey
23, 75, 31, 72, 17, 79, Lavender, Honeydew
92, 9, 88, 6, 97, 16, Cadet blue, Light coral
73, 21, 85, 17, 76, 26, Misty rose, Light yellow
-2, 80, -1, 80, -13, 67, Golden rod, Salmon
-75, 26, -75, 14, -83, 17, Light coral, Orange
-10, -93, 7, -92, 2, -90, Moccasin, Teal
-36, -26, -25, -11, -35, -22, Lime green, Green yellow
43, 98, 54, 96, 53, 96, Dark slate blue, Green
60, 85, 62, 96, 55, 87, Dark olive green, Blue
1, -80, -11, -72, -12, -78, Maroon, Sky blue
-38, -29, -39, -39, -42, -32, Purple, Pink
-48, -27, -39, -21, -38, -27, Purple, Dark red
39, -5, 49, 10, 51, 1, Dark slate blue, Lime green
96, 89, 91, 89, 96, 97, Medium purple, Sandy brown
68, 14, 66, 16, 73, 9, Medium blue, Medium turquoise
-37, -48, -32, -60, -39, -48, Lawn green, Blanched almond
-94, 93, -88, 92, -95, 91, White, Alice blue
23, -54, 32, -63, 18, -67, Aqua marine, Beige
-47, -2, -43, -10, -55, -9, Light yellow, Light green
83, 41, 77, 48, 86, 47, Gold, Dark slate blue
91, 20, 91, 33, 91, 26, Olive drab, Red
86, -70, 87, -69, 80, -60, Dark red, Sienna
58, -49, 70, -46, 66, -58, Saddle brown, Blue violet
94, -58, 93, -55, 91, -49, Midnight blue, Brown
40, -91, 40, -89, 37, -81, Chart reuse, Cadet blue
82, 20, 80, 21, 88, 29, Lime green, Lime
94, -92, 99, -99, 96, -99, Dark cyan, Dim gray
-87, -73, -89, -72, -86, -72, Corn silk, Violet
-67, -70, -61, -65, -74, -67, Chocolate, Light slate gray
-67, 28, -64, 28, -58, 22, Green, Grey
-60, 3, -65, 18, -66, 7, Silver, Misty rose
-84, -57, -84, -54, -84, -62, Alice blue, Slate blue
75, 77, 66, 84, 77, 79, Blanched almond, Green yellow
84, 20, 79, 17, 86, 6, Blue violet, Thistle
25, 87, 15, 90, 17, 92, Pale violet red, Brown
-68, 52, -65, 43, -70, 44, Light gray, Gold
-61, 34, -56, 34, -54, 39, Violet, Misty rose
-78, -20, -82, -15, -77, -8, Coral, Bisque
-41, -87, -43, -94, -54, -91, Lemon chiffon, Papaya whip
-81, 38, -70, 38, -65, 38, Light pink, Pale golden rod
31, -45, 32, -48, 47, -47, Green, Light pink
-34, 92, -32, 83, -41, 99, Black, Salmon
29, -12, 18, -17, 27, -8, Olive drab, Dark green
55, 15, 51, 23, 48, 25, Ivory, Corn flower blue
-95, -54, -92, -64, -95, -60, Dark olive green, Light sky blue
-78, 21, -91, 29, -84, 20, Green, Magenta
79, 65, 72, 59, 70, 62, Coral, Lime green
79, -31, 90, -25, 80, -31, Dim grey, Red
-20, -78, -4, -74, -10, -79, Gold, Dark orchid
5, 49, 3, 58, -3, 45, Slate blue, Medium sea green
52, -99, 49, -94, 41, -94, Red, Light golden rod yellow
-25, -3, -15, -9, -21, 1, Rosy brown, Hot pink
22, 53, 13, 50, 25, 51, Dark khaki, Forest green
-4, -24, 8, -27, 14, -24, Magenta, Yellow
70, -92, 59, -100, 64, -99, Deep sky blue, Corn silk
18, -35, 19, -33, 17, -24, Red, Light sea green
-37, -13, -42, -11, -46, -15, Powder blue, Snow
14, 1, 6, 3, 7, 1, Gray, Lime
-100, -87, -87, -95, -86, -97, Medium aqua marine, Sea shell
46, 49, 54, 51, 37, 54, Dark cyan, Light pink
-97, -29, -98, -33, -92, -31, Grey, Magenta
7, 80, -2, 83, -5, 86, Lavender blush, Pale golden rod
21, -91, 15, -98, 28, -85, Chart reuse, Slate blue
-63, -79, -54, -75, -58, -70, Medium violet red, Chart reuse
25, 27, 35, 35, 34, 36, Sandy brown, Medium aqua marine
-17, 99, -14, 98, -6, 100, Ivory, Lime
-20, -53, -27, -55, -33, -54, Aqua marine, Moccasin
-88, -49, -97, -48, -84, -46, Misty rose, Dodger blue
-67, -47, -63, -37, -65, -49, Yellow, Pale violet red
31, -72, 43, -73, 36, -64, Grey, Light slate gray
20, 12, 24, 13, 25, 16, Light golden rod yellow, Corn flower blue
-17, 50, -20, 63, -19, 65, Olive, Dark cyan
1, 63, -9, 63, 0, 63, Dark sea green, Steel blue
-89, -43, -91, -47, -89, -46, Dark orchid, Sea shell
22, 40, 16, 45, 11, 48, Dark orange, Pink
78, -32, 88, -37, 74, -34, Olive, Magenta
-24, -45, -22, -48, -27, -49, Cyan, Spring green
28, -62, 22, -56, 21, -57, Aqua, Honeydew
-75, 84, -81, 89, -83, 78, Medium turquoise, Dim grey
-80, -98, -82, -98, -70, -89, Light yellow, Golden rod
40, -13, 49, 2, 37, -12, Yellow, Crimson
26, -59, 25, -68, 32, -68, Dim grey, Magenta
-42, 94, -39, 99, -42, 94, Orange red, Orange
78, 11, 96, 13, 87, 14, Gray, Deep pink
3, 6, -2, 15, 11, 13, Medium blue, Firebrick
-84, 33, -79, 37, -72, 29, Teal, Orange red
39, -78, 44, -67, 31, -66, Gray, Fuchsia
9, -78, 7, -75, 21, -71, Medium sea green, Snow
-80, 65, -74, 78, -78, 71, Dark golden rod, Dark orange
-27, 26, -20, 22, -26, 27, Golden rod, Light sea green
96, 97, 83, 98, 81, 92, Lime, Deep pink
61, 3, 59, 6, 63, 3, Blanched almond, Khaki
35, -28, 39, -18, 25, -25, Moccasin, Silver
3, 38, 9, 32, 11, 44, Dim gray, Deep pink
-7, -74, -14, -73, -4, -74, Medium spring green, Silver
84, 79, 87, 79, 85, 73, Bisque, Green
21, 6, 35, 6, 27, -6, Navajo white, Crimson
64, -63, 58, -65, 66, -59, Moccasin, Dark golden rod
-59, -12, -65, -17, -69, -27, Dark blue, Pink
-83, 17, -93, 10, -97, 26, Dark orchid, Red
-18, 73, -6, 62, -15, 65, Teal, Light salmon
49, -5, 44, -11, 42, -19, Navy, Dark turquoise
2, 44, 9, 45, -1, 40, Sienna, Sky blue
-30, -35, -21, -35, -28, -40, Dark orchid, Light steel blue
-48, 65, -56, 57, -50, 55, Deep sky blue, Hot pink
14, -79, 0, -79, -1, -80, Chocolate, Fuchsia
78, 23, 71, 24, 86, 21, Orange, Blanched almond
31, -58, 36, -57, 33, -68, Light salmon, Olive
-54, -79, -45, -72, -45, -90, Light salmon, Dark olive green
18, 14, 12, 21, 17, 25, Dark gray, Medium spring green
-90, -80, -99, -77, -88, -83, Papaya whip, Navy
60, -97, 52, -96, 61, -94, Medium orchid, Deep pink
47, 11, 32, 10, 33, 13, Moccasin, Light coral
48, 49, 61, 53, 51, 52, Rosy brown, Peru
-89, -35, -89, -51, -80, -40, Beige, Firebrick
5, 24, 0, 22, 0, 21, Bisque, Medium blue
-27, 51, -33, 61, -28, 47, Chart reuse, Blue
29, -30, 37, -26, 33, -18, Light slate gray, Slate blue
18, 9, 33, 17, 24, 12, Slate gray, Medium violet red
52, 64, 58, 66, 54, 77, Grey, Dark orange
-71, 90, -80, 86, -72, 94, Old lace, Beige
7, -3, 4, 6, 18, -3, Pink, Mint cream
-69, 41, -71, 50, -75, 49, Dark slate blue, Lime
9, -22, 2, -22, 10, -17, Peach puff, Gray
-35, -74, -28, -79, -21, -69, White, Gold
-16, 66, -17, 59, -20, 66, Medium turquoise, Orchid
-85, -47, -79, -41, -77, -53, Gray, Sky blue
98, -65, 93, -69, 92, -75, Tomato, Light sky blue
83, 15, 82, 2, 67, 8, Pale golden rod, Aqua marine
-15, 0, -9, -6, -7, -7, Gray, Slate blue
55, 35, 68, 28, 63, 32, Dark orchid, Gainsboro
-87, -96, -91, -100, -80, -97, Tomato, Dodger blue
-31, -86, -30, -95, -17, -98, Yellow, Orange
-53, 60, -60, 64, -53, 72, Azure, Indian red
15, 83, 25, 88, 13, 87, Chocolate, Tan
-69, 56, -63, 57, -69, 66, Dark blue, Orange red
44, -64, 41, -55, 39, -54, Dark red, Yellow green
-93, 96, -88, 100, -87, 98, Deep pink, Crimson
71, 40, 68, 42, 69, 36, Dark golden rod, Spring green
9, -86, -3, -87, 14, -90, Dark olive green, Teal
-31, -48, -26, -50, -36, -51, Light pink, Light sea green
68, 85, 73, 78, 68, 82, Mint cream, Floral white
-39, 62, -27, 76, -31, 69, Light blue, Sea green
19, 97, 22, 89, 10, 82, Antique white, Teal
71, 7, 73, 11, 70, 5, Fuchsia, Fuchsia
-92, 14, -88, 14, -78, 5, Green yellow, Fuchsia
23, 41, 30, 41, 28, 46, Dark red, Slate gray
19, 0, 28, 6, 10, 5, Light blue, Corn silk
90, 15, 87, 11, 99, 2, Golden rod, Midnight blue
-48, 31, -53, 23, -52, 29, Tomato, Gray
-77, -38, -76, -39, -81, -48, Fuchsia, Lavender
66, 48, 70, 39, 71, 50, Light golden rod yellow, Red
-31, 20, -43, 19, -27, 13, Pale violet red, Moccasin
14, 85, 4, 85, 7, 91, Dark gray, Dim gray
-11, -40, -17, -51, -10, -45, Deep pink, Light yellow
3, 77, 2, 79, -7, 80, Indigo, Alice blue
99, -23, 97, -22, 94, -24, Forest green, Wheat
-62, 74, -76, 71, -74, 75, Blue violet, Yellow green
-92, -58, -97, -61, -93, -60, Yellow, Olive drab
22, -22, 14, -20, 20, -16, Olive drab, Medium slate blue
-22, 22, -30, 26, -35, 25, Light green, Peru
73, 36, 90, 28, 78, 30, Light blue, Purple
-13, -10, -9, -2, -14, -1, Black, Light sea green
80, 95, 79, 98, 66, 90, Royal blue, Snow
-10, -95, -5, -94, -15, -96, Medium turquoise, Slate blue
84, 66, 89, 61, 74, 61, Olive drab, Orchid
-61, -6, -49, 6, -53, -1, Peach puff, Orange
-2, 70, -10, 55, -9, 67, Saddle brown, Sandy brown
-32, 55, -36, 50, -45, 49, Aqua marine, Dark sea green
93, 84, 95, 80, 91, 79, Old lace, Dark sea green
-90, -54, -94, -61, -94, -45, Indian red, Yellow green
14, 30, 11, 31, 0, 41, Sandy brown, Lime
75, 67, 72, 59, 78, 66, Dark red, Yellow green
-46, -25, -52, -20, -56, -24, Navy, Lime
-66, -96, -55, -85, -55, -99, Yellow green, Khaki
13, -38, 16, -41, 11, -38, Misty rose, Tan
-5, -24, -8, -21, -9, -31, Dark red, Light green
-89, 93, -83, 94, -79, 92, Dark red, Coral
-81, -1, -63, -7, -70, -2, Orchid, Magenta
-27, 15, -21, 25, -21, 20, Dark slate gray, Lemon chiffon
-47, 49, -44, 46, -49, 49, Light green, Pale golden rod
-50, 30, -48, 30, -42, 30, Dark turquoise, Olive
-49, 95, -52, 90, -47, 96, Pale turquoise, Lavender
47, 1, 37, 1, 43, -6, Magenta, Peru
39, 81, 35, 74, 45, 78, Hot pink, Lime green
-80, 1, -74, 7, -87, 16, Navajo white, Maroon
41, -23, 37, -17, 27, -30, Olive, Dark golden rod